detector,group_id,source,method,payload_level,encryption,label,score
rs,1,real,lsb,low,plain,1,10389.0
rs,1,real,lsb,low,plain,0,783.0
chi_square_spatial,1,real,lsb,low,plain,1,0.0
chi_square_spatial,1,real,lsb,low,plain,0,0.0
sample_pairs,1,real,lsb,low,plain,1,0.2305455542071823
sample_pairs,1,real,lsb,low,plain,0,0.004714578537959915
rs,1,real,lsb,low,encrypted,1,10823.0
rs,1,real,lsb,low,encrypted,0,783.0
chi_square_spatial,1,real,lsb,low,encrypted,1,0.0
chi_square_spatial,1,real,lsb,low,encrypted,0,0.0
sample_pairs,1,real,lsb,low,encrypted,1,0.23195814648152194
sample_pairs,1,real,lsb,low,encrypted,0,0.004714578537959915
rs,1,ml_a,lsb,low,plain,1,8809.0
rs,1,ml_a,lsb,low,plain,0,418.0
chi_square_spatial,1,ml_a,lsb,low,plain,1,2.9655359579442216e-13
chi_square_spatial,1,ml_a,lsb,low,plain,0,7.37806341953251e-71
sample_pairs,1,ml_a,lsb,low,plain,1,0.31702314304586504
sample_pairs,1,ml_a,lsb,low,plain,0,0.0
rs,1,ml_a,lsb,low,encrypted,1,9245.0
rs,1,ml_a,lsb,low,encrypted,0,418.0
chi_square_spatial,1,ml_a,lsb,low,encrypted,1,2.250097597975586e-16
chi_square_spatial,1,ml_a,lsb,low,encrypted,0,7.37806341953251e-71
sample_pairs,1,ml_a,lsb,low,encrypted,1,0.3157060227996142
sample_pairs,1,ml_a,lsb,low,encrypted,0,0.0
rs,1,ml_b,lsb,low,plain,1,14171.0
rs,1,ml_b,lsb,low,plain,0,87.0
chi_square_spatial,1,ml_b,lsb,low,plain,1,5.0483086590284616e-89
chi_square_spatial,1,ml_b,lsb,low,plain,0,4.676622516527831e-262
sample_pairs,1,ml_b,lsb,low,plain,1,0.37100340327266434
sample_pairs,1,ml_b,lsb,low,plain,0,0.0
rs,1,ml_b,lsb,low,encrypted,1,14164.0
rs,1,ml_b,lsb,low,encrypted,0,87.0
chi_square_spatial,1,ml_b,lsb,low,encrypted,1,1.6817082130006857e-83
chi_square_spatial,1,ml_b,lsb,low,encrypted,0,4.676622516527831e-262
sample_pairs,1,ml_b,lsb,low,encrypted,1,0.3679447382634871
sample_pairs,1,ml_b,lsb,low,encrypted,0,0.0
rs,2,real,lsb,low,plain,1,1426.0
rs,2,real,lsb,low,plain,0,53.0
chi_square_spatial,2,real,lsb,low,plain,1,9.058219812449564e-06
chi_square_spatial,2,real,lsb,low,plain,0,2.8287455429874025e-13
sample_pairs,2,real,lsb,low,plain,1,0.19459472952987913
sample_pairs,2,real,lsb,low,plain,0,0.0
rs,2,real,lsb,low,encrypted,1,1674.0
rs,2,real,lsb,low,encrypted,0,53.0
chi_square_spatial,2,real,lsb,low,encrypted,1,5.70386124918197e-07
chi_square_spatial,2,real,lsb,low,encrypted,0,2.8287455429874025e-13
sample_pairs,2,real,lsb,low,encrypted,1,0.21942448667634018
sample_pairs,2,real,lsb,low,encrypted,0,0.0
rs,2,ml_a,lsb,low,plain,1,15107.0
rs,2,ml_a,lsb,low,plain,0,1552.0
chi_square_spatial,2,ml_a,lsb,low,plain,1,0.0
chi_square_spatial,2,ml_a,lsb,low,plain,0,0.0
sample_pairs,2,ml_a,lsb,low,plain,1,0.24479057793919862
sample_pairs,2,ml_a,lsb,low,plain,0,0.0
rs,2,ml_a,lsb,low,encrypted,1,14683.0
rs,2,ml_a,lsb,low,encrypted,0,1552.0
chi_square_spatial,2,ml_a,lsb,low,encrypted,1,0.0
chi_square_spatial,2,ml_a,lsb,low,encrypted,0,0.0
sample_pairs,2,ml_a,lsb,low,encrypted,1,0.2439107775928844
sample_pairs,2,ml_a,lsb,low,encrypted,0,0.0
rs,2,ml_b,lsb,low,plain,1,5968.0
rs,2,ml_b,lsb,low,plain,0,406.0
chi_square_spatial,2,ml_b,lsb,low,plain,1,0.5243224205839825
chi_square_spatial,2,ml_b,lsb,low,plain,0,5.6184830232508504e-09
sample_pairs,2,ml_b,lsb,low,plain,1,0.22824151866929118
sample_pairs,2,ml_b,lsb,low,plain,0,0.004920852674634822
rs,2,ml_b,lsb,low,encrypted,1,5903.0
rs,2,ml_b,lsb,low,encrypted,0,406.0
chi_square_spatial,2,ml_b,lsb,low,encrypted,1,0.41480905549466535
chi_square_spatial,2,ml_b,lsb,low,encrypted,0,5.6184830232508504e-09
sample_pairs,2,ml_b,lsb,low,encrypted,1,0.2279679523309322
sample_pairs,2,ml_b,lsb,low,encrypted,0,0.004920852674634822
rs,3,real,lsb,low,plain,1,6793.0
rs,3,real,lsb,low,plain,0,1321.0
chi_square_spatial,3,real,lsb,low,plain,1,6.980940477002735e-52
chi_square_spatial,3,real,lsb,low,plain,0,1.2342474287279555e-52
sample_pairs,3,real,lsb,low,plain,1,0.3457761588209763
sample_pairs,3,real,lsb,low,plain,0,0.039799730232955646
rs,3,real,lsb,low,encrypted,1,6849.0
rs,3,real,lsb,low,encrypted,0,1321.0
chi_square_spatial,3,real,lsb,low,encrypted,1,3.7056406674379316e-51
chi_square_spatial,3,real,lsb,low,encrypted,0,1.2342474287279555e-52
sample_pairs,3,real,lsb,low,encrypted,1,0.3431497607769345
sample_pairs,3,real,lsb,low,encrypted,0,0.039799730232955646
rs,3,ml_a,lsb,low,plain,1,12586.0
rs,3,ml_a,lsb,low,plain,0,1303.0
chi_square_spatial,3,ml_a,lsb,low,plain,1,0.0
chi_square_spatial,3,ml_a,lsb,low,plain,0,0.0
sample_pairs,3,ml_a,lsb,low,plain,1,0.22966084549840315
sample_pairs,3,ml_a,lsb,low,plain,0,0.0
rs,3,ml_a,lsb,low,encrypted,1,12971.0
rs,3,ml_a,lsb,low,encrypted,0,1303.0
chi_square_spatial,3,ml_a,lsb,low,encrypted,1,0.0
chi_square_spatial,3,ml_a,lsb,low,encrypted,0,0.0
sample_pairs,3,ml_a,lsb,low,encrypted,1,0.23188777469919925
sample_pairs,3,ml_a,lsb,low,encrypted,0,0.0
rs,3,ml_b,lsb,low,plain,1,2472.0
rs,3,ml_b,lsb,low,plain,0,51.0
chi_square_spatial,3,ml_b,lsb,low,plain,1,3.0502199684460615e-08
chi_square_spatial,3,ml_b,lsb,low,plain,0,3.4842793879215073e-12
sample_pairs,3,ml_b,lsb,low,plain,1,0.1477869121047371
sample_pairs,3,ml_b,lsb,low,plain,0,0.012509883824420283
rs,3,ml_b,lsb,low,encrypted,1,2245.0
rs,3,ml_b,lsb,low,encrypted,0,51.0
chi_square_spatial,3,ml_b,lsb,low,encrypted,1,1.052927714694406e-08
chi_square_spatial,3,ml_b,lsb,low,encrypted,0,3.4842793879215073e-12
sample_pairs,3,ml_b,lsb,low,encrypted,1,0.14300461605310685
sample_pairs,3,ml_b,lsb,low,encrypted,0,0.012509883824420283
rs,4,real,lsb,low,plain,1,5669.0
rs,4,real,lsb,low,plain,0,2371.0
chi_square_spatial,4,real,lsb,low,plain,1,2.7892351598601647e-122
chi_square_spatial,4,real,lsb,low,plain,0,7.80183814963659e-204
sample_pairs,4,real,lsb,low,plain,1,0.38897625105547506
sample_pairs,4,real,lsb,low,plain,0,0.15027314004385212
rs,4,real,lsb,low,encrypted,1,5682.0
rs,4,real,lsb,low,encrypted,0,2371.0
chi_square_spatial,4,real,lsb,low,encrypted,1,1.50893817278088e-127
chi_square_spatial,4,real,lsb,low,encrypted,0,7.80183814963659e-204
sample_pairs,4,real,lsb,low,encrypted,1,0.39512448329573074
sample_pairs,4,real,lsb,low,encrypted,0,0.15027314004385212
rs,4,ml_a,lsb,low,plain,1,8863.0
rs,4,ml_a,lsb,low,plain,0,102.0
chi_square_spatial,4,ml_a,lsb,low,plain,1,3.321193065717669e-33
chi_square_spatial,4,ml_a,lsb,low,plain,0,2.6572561080135e-57
sample_pairs,4,ml_a,lsb,low,plain,1,0.23807410473945223
sample_pairs,4,ml_a,lsb,low,plain,0,0.002890296199642333
rs,4,ml_a,lsb,low,encrypted,1,8803.0
rs,4,ml_a,lsb,low,encrypted,0,102.0
chi_square_spatial,4,ml_a,lsb,low,encrypted,1,4.543115597505943e-32
chi_square_spatial,4,ml_a,lsb,low,encrypted,0,2.6572561080135e-57
sample_pairs,4,ml_a,lsb,low,encrypted,1,0.23817595284048856
sample_pairs,4,ml_a,lsb,low,encrypted,0,0.002890296199642333
rs,4,ml_b,lsb,low,plain,1,13636.0
rs,4,ml_b,lsb,low,plain,0,102.0
chi_square_spatial,4,ml_b,lsb,low,plain,1,4.114139187449308e-34
chi_square_spatial,4,ml_b,lsb,low,plain,0,1.6522591291370998e-37
sample_pairs,4,ml_b,lsb,low,plain,1,0.21035349305959153
sample_pairs,4,ml_b,lsb,low,plain,0,0.0
rs,4,ml_b,lsb,low,encrypted,1,13373.0
rs,4,ml_b,lsb,low,encrypted,0,102.0
chi_square_spatial,4,ml_b,lsb,low,encrypted,1,9.989678560606919e-36
chi_square_spatial,4,ml_b,lsb,low,encrypted,0,1.6522591291370998e-37
sample_pairs,4,ml_b,lsb,low,encrypted,1,0.21017707642295386
sample_pairs,4,ml_b,lsb,low,encrypted,0,0.0
rs,5,real,lsb,low,plain,1,8769.0
rs,5,real,lsb,low,plain,0,576.0
chi_square_spatial,5,real,lsb,low,plain,1,0.00033069412470185125
chi_square_spatial,5,real,lsb,low,plain,0,1.1645165796123957e-10
sample_pairs,5,real,lsb,low,plain,1,0.44765618359955
sample_pairs,5,real,lsb,low,plain,0,0.026951778208929605
rs,5,real,lsb,low,encrypted,1,8671.0
rs,5,real,lsb,low,encrypted,0,576.0
chi_square_spatial,5,real,lsb,low,encrypted,1,0.00011613245591525647
chi_square_spatial,5,real,lsb,low,encrypted,0,1.1645165796123957e-10
sample_pairs,5,real,lsb,low,encrypted,1,0.4479131363753205
sample_pairs,5,real,lsb,low,encrypted,0,0.026951778208929605
rs,5,ml_a,lsb,low,plain,1,9941.0
rs,5,ml_a,lsb,low,plain,0,457.0
chi_square_spatial,5,ml_a,lsb,low,plain,1,0.36934446077633054
chi_square_spatial,5,ml_a,lsb,low,plain,0,8.628889089511204e-15
sample_pairs,5,ml_a,lsb,low,plain,1,0.38683615002558236
sample_pairs,5,ml_a,lsb,low,plain,0,0.0
rs,5,ml_a,lsb,low,encrypted,1,9703.0
rs,5,ml_a,lsb,low,encrypted,0,457.0
chi_square_spatial,5,ml_a,lsb,low,encrypted,1,0.2111742661852641
chi_square_spatial,5,ml_a,lsb,low,encrypted,0,8.628889089511204e-15
sample_pairs,5,ml_a,lsb,low,encrypted,1,0.3850695777802896
sample_pairs,5,ml_a,lsb,low,encrypted,0,0.0
rs,5,ml_b,lsb,low,plain,1,7671.0
rs,5,ml_b,lsb,low,plain,0,68.0
chi_square_spatial,5,ml_b,lsb,low,plain,1,0.23861672262085243
chi_square_spatial,5,ml_b,lsb,low,plain,0,4.4905876130888495e-15
sample_pairs,5,ml_b,lsb,low,plain,1,0.29211319090799004
sample_pairs,5,ml_b,lsb,low,plain,0,0.000547547358655762
rs,5,ml_b,lsb,low,encrypted,1,7777.0
rs,5,ml_b,lsb,low,encrypted,0,68.0
chi_square_spatial,5,ml_b,lsb,low,encrypted,1,0.3997063244753358
chi_square_spatial,5,ml_b,lsb,low,encrypted,0,4.4905876130888495e-15
sample_pairs,5,ml_b,lsb,low,encrypted,1,0.2884276926167318
sample_pairs,5,ml_b,lsb,low,encrypted,0,0.000547547358655762
rs,6,real,lsb,low,plain,1,2903.0
rs,6,real,lsb,low,plain,0,1023.0
chi_square_spatial,6,real,lsb,low,plain,1,1.1101796978752174e-72
chi_square_spatial,6,real,lsb,low,plain,0,0.0
sample_pairs,6,real,lsb,low,plain,1,0.21110908171021323
sample_pairs,6,real,lsb,low,plain,0,0.04159917075880532
rs,6,real,lsb,low,encrypted,1,2671.0
rs,6,real,lsb,low,encrypted,0,1023.0
chi_square_spatial,6,real,lsb,low,encrypted,1,1.5354262219409635e-81
chi_square_spatial,6,real,lsb,low,encrypted,0,0.0
sample_pairs,6,real,lsb,low,encrypted,1,0.2197490562276746
sample_pairs,6,real,lsb,low,encrypted,0,0.04159917075880532
rs,6,ml_a,lsb,low,plain,1,6352.0
rs,6,ml_a,lsb,low,plain,0,79.0
chi_square_spatial,6,ml_a,lsb,low,plain,1,8.80118836421647e-15
chi_square_spatial,6,ml_a,lsb,low,plain,0,3.1306058338593803e-22
sample_pairs,6,ml_a,lsb,low,plain,1,0.19285572405896442
sample_pairs,6,ml_a,lsb,low,plain,0,0.0
rs,6,ml_a,lsb,low,encrypted,1,6596.0
rs,6,ml_a,lsb,low,encrypted,0,79.0
chi_square_spatial,6,ml_a,lsb,low,encrypted,1,5.02468905774457e-17
chi_square_spatial,6,ml_a,lsb,low,encrypted,0,3.1306058338593803e-22
sample_pairs,6,ml_a,lsb,low,encrypted,1,0.19577121286344726
sample_pairs,6,ml_a,lsb,low,encrypted,0,0.0
rs,6,ml_b,lsb,low,plain,1,14091.0
rs,6,ml_b,lsb,low,plain,0,740.0
chi_square_spatial,6,ml_b,lsb,low,plain,1,0.0
chi_square_spatial,6,ml_b,lsb,low,plain,0,0.0
sample_pairs,6,ml_b,lsb,low,plain,1,0.18097817738639138
sample_pairs,6,ml_b,lsb,low,plain,0,0.005686037320500527
rs,6,ml_b,lsb,low,encrypted,1,13969.0
rs,6,ml_b,lsb,low,encrypted,0,740.0
chi_square_spatial,6,ml_b,lsb,low,encrypted,1,0.0
chi_square_spatial,6,ml_b,lsb,low,encrypted,0,0.0
sample_pairs,6,ml_b,lsb,low,encrypted,1,0.1807622948139937
sample_pairs,6,ml_b,lsb,low,encrypted,0,0.005686037320500527
rs,7,real,lsb,low,plain,1,6908.0
rs,7,real,lsb,low,plain,0,734.0
chi_square_spatial,7,real,lsb,low,plain,1,9.383354884383922e-106
chi_square_spatial,7,real,lsb,low,plain,0,2.6236057764153477e-112
sample_pairs,7,real,lsb,low,plain,1,0.23298236450404552
sample_pairs,7,real,lsb,low,plain,0,0.009026000796594519
rs,7,real,lsb,low,encrypted,1,6930.0
rs,7,real,lsb,low,encrypted,0,734.0
chi_square_spatial,7,real,lsb,low,encrypted,1,2.2421602306142255e-106
chi_square_spatial,7,real,lsb,low,encrypted,0,2.6236057764153477e-112
sample_pairs,7,real,lsb,low,encrypted,1,0.233286890030842
sample_pairs,7,real,lsb,low,encrypted,0,0.009026000796594519
rs,7,ml_a,lsb,low,plain,1,7636.0
rs,7,ml_a,lsb,low,plain,0,221.0
chi_square_spatial,7,ml_a,lsb,low,plain,1,5.078906158918189e-58
chi_square_spatial,7,ml_a,lsb,low,plain,0,1.3376312860740264e-87
sample_pairs,7,ml_a,lsb,low,plain,1,0.17025199094260662
sample_pairs,7,ml_a,lsb,low,plain,0,0.0
rs,7,ml_a,lsb,low,encrypted,1,7715.0
rs,7,ml_a,lsb,low,encrypted,0,221.0
chi_square_spatial,7,ml_a,lsb,low,encrypted,1,5.539128209191873e-58
chi_square_spatial,7,ml_a,lsb,low,encrypted,0,1.3376312860740264e-87
sample_pairs,7,ml_a,lsb,low,encrypted,1,0.16845371291928563
sample_pairs,7,ml_a,lsb,low,encrypted,0,0.0
rs,7,ml_b,lsb,low,plain,1,7911.0
rs,7,ml_b,lsb,low,plain,0,364.0
chi_square_spatial,7,ml_b,lsb,low,plain,1,1.2532599845682878e-155
chi_square_spatial,7,ml_b,lsb,low,plain,0,5.013692662990233e-170
sample_pairs,7,ml_b,lsb,low,plain,1,0.1777104225713857
sample_pairs,7,ml_b,lsb,low,plain,0,0.0
rs,7,ml_b,lsb,low,encrypted,1,7876.0
rs,7,ml_b,lsb,low,encrypted,0,364.0
chi_square_spatial,7,ml_b,lsb,low,encrypted,1,9.916348325082938e-158
chi_square_spatial,7,ml_b,lsb,low,encrypted,0,5.013692662990233e-170
sample_pairs,7,ml_b,lsb,low,encrypted,1,0.17841747150758983
sample_pairs,7,ml_b,lsb,low,encrypted,0,0.0
rs,8,real,lsb,low,plain,1,9227.0
rs,8,real,lsb,low,plain,0,754.0
chi_square_spatial,8,real,lsb,low,plain,1,4.75947250623639e-06
chi_square_spatial,8,real,lsb,low,plain,0,4.935186953542665e-18
sample_pairs,8,real,lsb,low,plain,1,0.19972267414623385
sample_pairs,8,real,lsb,low,plain,0,0.0
rs,8,real,lsb,low,encrypted,1,9126.0
rs,8,real,lsb,low,encrypted,0,754.0
chi_square_spatial,8,real,lsb,low,encrypted,1,5.171845280082383e-05
chi_square_spatial,8,real,lsb,low,encrypted,0,4.935186953542665e-18
sample_pairs,8,real,lsb,low,encrypted,1,0.1995648166775474
sample_pairs,8,real,lsb,low,encrypted,0,0.0
rs,8,ml_a,lsb,low,plain,1,10204.0
rs,8,ml_a,lsb,low,plain,0,286.0
chi_square_spatial,8,ml_a,lsb,low,plain,1,0.007005360669964827
chi_square_spatial,8,ml_a,lsb,low,plain,0,1.667792547931187e-07
sample_pairs,8,ml_a,lsb,low,plain,1,0.23845510893412816
sample_pairs,8,ml_a,lsb,low,plain,0,0.0
rs,8,ml_a,lsb,low,encrypted,1,10309.0
rs,8,ml_a,lsb,low,encrypted,0,286.0
chi_square_spatial,8,ml_a,lsb,low,encrypted,1,0.0003240897784288815
chi_square_spatial,8,ml_a,lsb,low,encrypted,0,1.667792547931187e-07
sample_pairs,8,ml_a,lsb,low,encrypted,1,0.2412680379035396
sample_pairs,8,ml_a,lsb,low,encrypted,0,0.0
rs,8,ml_b,lsb,low,plain,1,12781.0
rs,8,ml_b,lsb,low,plain,0,291.0
chi_square_spatial,8,ml_b,lsb,low,plain,1,7.080197098628136e-36
chi_square_spatial,8,ml_b,lsb,low,plain,0,8.490470687570192e-112
sample_pairs,8,ml_b,lsb,low,plain,1,0.18230523146514205
sample_pairs,8,ml_b,lsb,low,plain,0,0.00012153119067993087
rs,8,ml_b,lsb,low,encrypted,1,12950.0
rs,8,ml_b,lsb,low,encrypted,0,291.0
chi_square_spatial,8,ml_b,lsb,low,encrypted,1,1.629087228456894e-39
chi_square_spatial,8,ml_b,lsb,low,encrypted,0,8.490470687570192e-112
sample_pairs,8,ml_b,lsb,low,encrypted,1,0.18492384453679522
sample_pairs,8,ml_b,lsb,low,encrypted,0,0.00012153119067993087
rs,9,real,lsb,low,plain,1,7671.0
rs,9,real,lsb,low,plain,0,768.0
chi_square_spatial,9,real,lsb,low,plain,1,5.1548353134911686e-26
chi_square_spatial,9,real,lsb,low,plain,0,3.8963339712005626e-50
sample_pairs,9,real,lsb,low,plain,1,0.3028036425920621
sample_pairs,9,real,lsb,low,plain,0,0.002390220969514682
rs,9,real,lsb,low,encrypted,1,7318.0
rs,9,real,lsb,low,encrypted,0,768.0
chi_square_spatial,9,real,lsb,low,encrypted,1,2.6962580314655173e-27
chi_square_spatial,9,real,lsb,low,encrypted,0,3.8963339712005626e-50
sample_pairs,9,real,lsb,low,encrypted,1,0.30205087835174027
sample_pairs,9,real,lsb,low,encrypted,0,0.002390220969514682
rs,9,ml_a,lsb,low,plain,1,8987.0
rs,9,ml_a,lsb,low,plain,0,55.0
chi_square_spatial,9,ml_a,lsb,low,plain,1,4.03509172249539e-15
chi_square_spatial,9,ml_a,lsb,low,plain,0,1.404832274812768e-17
sample_pairs,9,ml_a,lsb,low,plain,1,0.29976368141378806
sample_pairs,9,ml_a,lsb,low,plain,0,0.0018134897083447205
rs,9,ml_a,lsb,low,encrypted,1,8986.0
rs,9,ml_a,lsb,low,encrypted,0,55.0
chi_square_spatial,9,ml_a,lsb,low,encrypted,1,1.5693867839668336e-15
chi_square_spatial,9,ml_a,lsb,low,encrypted,0,1.404832274812768e-17
sample_pairs,9,ml_a,lsb,low,encrypted,1,0.3024740274360813
sample_pairs,9,ml_a,lsb,low,encrypted,0,0.0018134897083447205
rs,9,ml_b,lsb,low,plain,1,12774.0
rs,9,ml_b,lsb,low,plain,0,551.0
chi_square_spatial,9,ml_b,lsb,low,plain,1,9.493683604655852e-145
chi_square_spatial,9,ml_b,lsb,low,plain,0,1.6345845910572495e-154
sample_pairs,9,ml_b,lsb,low,plain,1,0.2556077867126305
sample_pairs,9,ml_b,lsb,low,plain,0,0.007849575605630883
rs,9,ml_b,lsb,low,encrypted,1,12731.0
rs,9,ml_b,lsb,low,encrypted,0,551.0
chi_square_spatial,9,ml_b,lsb,low,encrypted,1,1.158491398826347e-146
chi_square_spatial,9,ml_b,lsb,low,encrypted,0,1.6345845910572495e-154
sample_pairs,9,ml_b,lsb,low,encrypted,1,0.2597530711605062
sample_pairs,9,ml_b,lsb,low,encrypted,0,0.007849575605630883
rs,10,real,lsb,low,plain,1,5332.0
rs,10,real,lsb,low,plain,0,4791.0
chi_square_spatial,10,real,lsb,low,plain,1,1.2697891694953473e-79
chi_square_spatial,10,real,lsb,low,plain,0,1.0714266629149466e-188
sample_pairs,10,real,lsb,low,plain,1,0.40768733904798166
sample_pairs,10,real,lsb,low,plain,0,0.3199594591897454
rs,10,real,lsb,low,encrypted,1,5620.0
rs,10,real,lsb,low,encrypted,0,4791.0
chi_square_spatial,10,real,lsb,low,encrypted,1,1.1784586092849294e-74
chi_square_spatial,10,real,lsb,low,encrypted,0,1.0714266629149466e-188
sample_pairs,10,real,lsb,low,encrypted,1,0.39733898596190953
sample_pairs,10,real,lsb,low,encrypted,0,0.3199594591897454
rs,10,ml_a,lsb,low,plain,1,6570.0
rs,10,ml_a,lsb,low,plain,0,461.0
chi_square_spatial,10,ml_a,lsb,low,plain,1,1.4187650548090115e-27
chi_square_spatial,10,ml_a,lsb,low,plain,0,2.004242079578183e-66
sample_pairs,10,ml_a,lsb,low,plain,1,0.23377342764580095
sample_pairs,10,ml_a,lsb,low,plain,0,0.005114843538352544
rs,10,ml_a,lsb,low,encrypted,1,6502.0
rs,10,ml_a,lsb,low,encrypted,0,461.0
chi_square_spatial,10,ml_a,lsb,low,encrypted,1,2.0816893973884902e-28
chi_square_spatial,10,ml_a,lsb,low,encrypted,0,2.004242079578183e-66
sample_pairs,10,ml_a,lsb,low,encrypted,1,0.2369532619204673
sample_pairs,10,ml_a,lsb,low,encrypted,0,0.005114843538352544
rs,10,ml_b,lsb,low,plain,1,5980.0
rs,10,ml_b,lsb,low,plain,0,168.0
chi_square_spatial,10,ml_b,lsb,low,plain,1,1.0862166276462814e-28
chi_square_spatial,10,ml_b,lsb,low,plain,0,2.7794630604855995e-44
sample_pairs,10,ml_b,lsb,low,plain,1,0.2643778245878886
sample_pairs,10,ml_b,lsb,low,plain,0,0.0
rs,10,ml_b,lsb,low,encrypted,1,5890.0
rs,10,ml_b,lsb,low,encrypted,0,168.0
chi_square_spatial,10,ml_b,lsb,low,encrypted,1,2.0940492727237792e-29
chi_square_spatial,10,ml_b,lsb,low,encrypted,0,2.7794630604855995e-44
sample_pairs,10,ml_b,lsb,low,encrypted,1,0.26866713001466347
sample_pairs,10,ml_b,lsb,low,encrypted,0,0.0
rs,11,real,lsb,low,plain,1,5677.0
rs,11,real,lsb,low,plain,0,463.0
chi_square_spatial,11,real,lsb,low,plain,1,2.1194173970945288e-08
chi_square_spatial,11,real,lsb,low,plain,0,2.5666718316950232e-14
sample_pairs,11,real,lsb,low,plain,1,0.2723947029651379
sample_pairs,11,real,lsb,low,plain,0,0.010197190562286844
rs,11,real,lsb,low,encrypted,1,5651.0
rs,11,real,lsb,low,encrypted,0,463.0
chi_square_spatial,11,real,lsb,low,encrypted,1,6.732912924197663e-11
chi_square_spatial,11,real,lsb,low,encrypted,0,2.5666718316950232e-14
sample_pairs,11,real,lsb,low,encrypted,1,0.27510229720826235
sample_pairs,11,real,lsb,low,encrypted,0,0.010197190562286844
rs,11,ml_a,lsb,low,plain,1,8697.0
rs,11,ml_a,lsb,low,plain,0,61.0
chi_square_spatial,11,ml_a,lsb,low,plain,1,3.754329245664174e-06
chi_square_spatial,11,ml_a,lsb,low,plain,0,0.00012037184125737789
sample_pairs,11,ml_a,lsb,low,plain,1,0.2599454060530504
sample_pairs,11,ml_a,lsb,low,plain,0,0.0
rs,11,ml_a,lsb,low,encrypted,1,8700.0
rs,11,ml_a,lsb,low,encrypted,0,61.0
chi_square_spatial,11,ml_a,lsb,low,encrypted,1,2.9768315064316884e-05
chi_square_spatial,11,ml_a,lsb,low,encrypted,0,0.00012037184125737789
sample_pairs,11,ml_a,lsb,low,encrypted,1,0.26585103046843495
sample_pairs,11,ml_a,lsb,low,encrypted,0,0.0
rs,11,ml_b,lsb,low,plain,1,7836.0
rs,11,ml_b,lsb,low,plain,0,183.0
chi_square_spatial,11,ml_b,lsb,low,plain,1,5.8565017081796174e-64
chi_square_spatial,11,ml_b,lsb,low,plain,0,7.513193952761094e-133
sample_pairs,11,ml_b,lsb,low,plain,1,0.23863636685687126
sample_pairs,11,ml_b,lsb,low,plain,0,0.0
rs,11,ml_b,lsb,low,encrypted,1,7787.0
rs,11,ml_b,lsb,low,encrypted,0,183.0
chi_square_spatial,11,ml_b,lsb,low,encrypted,1,3.23722929834755e-72
chi_square_spatial,11,ml_b,lsb,low,encrypted,0,7.513193952761094e-133
sample_pairs,11,ml_b,lsb,low,encrypted,1,0.23654972079154857
sample_pairs,11,ml_b,lsb,low,encrypted,0,0.0
rs,12,real,lsb,low,plain,1,7316.0
rs,12,real,lsb,low,plain,0,466.0
chi_square_spatial,12,real,lsb,low,plain,1,3.6238515408255946e-07
chi_square_spatial,12,real,lsb,low,plain,0,1.2013455476940025e-17
sample_pairs,12,real,lsb,low,plain,1,0.2964957737256655
sample_pairs,12,real,lsb,low,plain,0,0.01020115113974717
rs,12,real,lsb,low,encrypted,1,7181.0
rs,12,real,lsb,low,encrypted,0,466.0
chi_square_spatial,12,real,lsb,low,encrypted,1,1.5561641051553627e-08
chi_square_spatial,12,real,lsb,low,encrypted,0,1.2013455476940025e-17
sample_pairs,12,real,lsb,low,encrypted,1,0.2922969845472635
sample_pairs,12,real,lsb,low,encrypted,0,0.01020115113974717
rs,12,ml_a,lsb,low,plain,1,9020.0
rs,12,ml_a,lsb,low,plain,0,68.0
chi_square_spatial,12,ml_a,lsb,low,plain,1,1.6879333924382743e-12
chi_square_spatial,12,ml_a,lsb,low,plain,0,8.7266313212953e-27
sample_pairs,12,ml_a,lsb,low,plain,1,0.26557712903000674
sample_pairs,12,ml_a,lsb,low,plain,0,0.004318791830836178
rs,12,ml_a,lsb,low,encrypted,1,9437.0
rs,12,ml_a,lsb,low,encrypted,0,68.0
chi_square_spatial,12,ml_a,lsb,low,encrypted,1,1.0286314363421242e-11
chi_square_spatial,12,ml_a,lsb,low,encrypted,0,8.7266313212953e-27
sample_pairs,12,ml_a,lsb,low,encrypted,1,0.26889578943371656
sample_pairs,12,ml_a,lsb,low,encrypted,0,0.004318791830836178
rs,12,ml_b,lsb,low,plain,1,8932.0
rs,12,ml_b,lsb,low,plain,0,329.0
chi_square_spatial,12,ml_b,lsb,low,plain,1,8.496076470683689e-06
chi_square_spatial,12,ml_b,lsb,low,plain,0,1.3119104928268882e-96
sample_pairs,12,ml_b,lsb,low,plain,1,0.19889854146855832
sample_pairs,12,ml_b,lsb,low,plain,0,0.0
rs,12,ml_b,lsb,low,encrypted,1,9044.0
rs,12,ml_b,lsb,low,encrypted,0,329.0
chi_square_spatial,12,ml_b,lsb,low,encrypted,1,4.149482115662973e-07
chi_square_spatial,12,ml_b,lsb,low,encrypted,0,1.3119104928268882e-96
sample_pairs,12,ml_b,lsb,low,encrypted,1,0.1983804925301873
sample_pairs,12,ml_b,lsb,low,encrypted,0,0.0
rs,13,real,lsb,low,plain,1,5297.0
rs,13,real,lsb,low,plain,0,746.0
chi_square_spatial,13,real,lsb,low,plain,1,0.5782661544097416
chi_square_spatial,13,real,lsb,low,plain,0,0.0
sample_pairs,13,real,lsb,low,plain,1,0.5180984462290427
sample_pairs,13,real,lsb,low,plain,0,0.057158611448451725
rs,13,real,lsb,low,encrypted,1,5224.0
rs,13,real,lsb,low,encrypted,0,746.0
chi_square_spatial,13,real,lsb,low,encrypted,1,0.6982517352323582
chi_square_spatial,13,real,lsb,low,encrypted,0,0.0
sample_pairs,13,real,lsb,low,encrypted,1,0.5108195717824374
sample_pairs,13,real,lsb,low,encrypted,0,0.057158611448451725
rs,13,ml_a,lsb,low,plain,1,10069.0
rs,13,ml_a,lsb,low,plain,0,93.0
chi_square_spatial,13,ml_a,lsb,low,plain,1,1.1649551388271134e-169
chi_square_spatial,13,ml_a,lsb,low,plain,0,2.639989855471833e-175
sample_pairs,13,ml_a,lsb,low,plain,1,0.27744315460719365
sample_pairs,13,ml_a,lsb,low,plain,0,0.0
rs,13,ml_a,lsb,low,encrypted,1,9585.0
rs,13,ml_a,lsb,low,encrypted,0,93.0
chi_square_spatial,13,ml_a,lsb,low,encrypted,1,2.4609341532938596e-167
chi_square_spatial,13,ml_a,lsb,low,encrypted,0,2.639989855471833e-175
sample_pairs,13,ml_a,lsb,low,encrypted,1,0.27644230610559833
sample_pairs,13,ml_a,lsb,low,encrypted,0,0.0
rs,13,ml_b,lsb,low,plain,1,7143.0
rs,13,ml_b,lsb,low,plain,0,119.0
chi_square_spatial,13,ml_b,lsb,low,plain,1,5.3423407215695956e-08
chi_square_spatial,13,ml_b,lsb,low,plain,0,7.854578035470023e-22
sample_pairs,13,ml_b,lsb,low,plain,1,0.21265047226658598
sample_pairs,13,ml_b,lsb,low,plain,0,0.0
rs,13,ml_b,lsb,low,encrypted,1,7234.0
rs,13,ml_b,lsb,low,encrypted,0,119.0
chi_square_spatial,13,ml_b,lsb,low,encrypted,1,1.6934421271046758e-07
chi_square_spatial,13,ml_b,lsb,low,encrypted,0,7.854578035470023e-22
sample_pairs,13,ml_b,lsb,low,encrypted,1,0.21123485335912856
sample_pairs,13,ml_b,lsb,low,encrypted,0,0.0
rs,14,real,lsb,low,plain,1,11116.0
rs,14,real,lsb,low,plain,0,121.0
chi_square_spatial,14,real,lsb,low,plain,1,1.0765410165077504e-08
chi_square_spatial,14,real,lsb,low,plain,0,1.4562769742540816e-68
sample_pairs,14,real,lsb,low,plain,1,0.28802220194396677
sample_pairs,14,real,lsb,low,plain,0,0.0008053122008790513
rs,14,real,lsb,low,encrypted,1,11199.0
rs,14,real,lsb,low,encrypted,0,121.0
chi_square_spatial,14,real,lsb,low,encrypted,1,2.3640521090438023e-07
chi_square_spatial,14,real,lsb,low,encrypted,0,1.4562769742540816e-68
sample_pairs,14,real,lsb,low,encrypted,1,0.28532036457911686
sample_pairs,14,real,lsb,low,encrypted,0,0.0008053122008790513
rs,14,ml_a,lsb,low,plain,1,10296.0
rs,14,ml_a,lsb,low,plain,0,138.0
chi_square_spatial,14,ml_a,lsb,low,plain,1,6.401736421185143e-164
chi_square_spatial,14,ml_a,lsb,low,plain,0,8.312377772785393e-179
sample_pairs,14,ml_a,lsb,low,plain,1,0.22508606249587582
sample_pairs,14,ml_a,lsb,low,plain,0,0.0029280064015814594
rs,14,ml_a,lsb,low,encrypted,1,10144.0
rs,14,ml_a,lsb,low,encrypted,0,138.0
chi_square_spatial,14,ml_a,lsb,low,encrypted,1,7.236569468918358e-161
chi_square_spatial,14,ml_a,lsb,low,encrypted,0,8.312377772785393e-179
sample_pairs,14,ml_a,lsb,low,encrypted,1,0.22398499191535512
sample_pairs,14,ml_a,lsb,low,encrypted,0,0.0029280064015814594
rs,14,ml_b,lsb,low,plain,1,14117.0
rs,14,ml_b,lsb,low,plain,0,357.0
chi_square_spatial,14,ml_b,lsb,low,plain,1,5.4604763875832176e-99
chi_square_spatial,14,ml_b,lsb,low,plain,0,1.2264051123528734e-121
sample_pairs,14,ml_b,lsb,low,plain,1,0.2183978836328806
sample_pairs,14,ml_b,lsb,low,plain,0,0.004036502888216231
rs,14,ml_b,lsb,low,encrypted,1,13982.0
rs,14,ml_b,lsb,low,encrypted,0,357.0
chi_square_spatial,14,ml_b,lsb,low,encrypted,1,6.39542753007914e-99
chi_square_spatial,14,ml_b,lsb,low,encrypted,0,1.2264051123528734e-121
sample_pairs,14,ml_b,lsb,low,encrypted,1,0.21750333199617924
sample_pairs,14,ml_b,lsb,low,encrypted,0,0.004036502888216231
rs,15,real,lsb,low,plain,1,3129.0
rs,15,real,lsb,low,plain,0,512.0
chi_square_spatial,15,real,lsb,low,plain,1,0.8829966864001426
chi_square_spatial,15,real,lsb,low,plain,0,0.11246480144799262
sample_pairs,15,real,lsb,low,plain,1,0.2614471807852172
sample_pairs,15,real,lsb,low,plain,0,0.018115262480487098
rs,15,real,lsb,low,encrypted,1,2985.0
rs,15,real,lsb,low,encrypted,0,512.0
chi_square_spatial,15,real,lsb,low,encrypted,1,0.7014963752491694
chi_square_spatial,15,real,lsb,low,encrypted,0,0.11246480144799262
sample_pairs,15,real,lsb,low,encrypted,1,0.2604247364156534
sample_pairs,15,real,lsb,low,encrypted,0,0.018115262480487098
rs,15,ml_a,lsb,low,plain,1,6314.0
rs,15,ml_a,lsb,low,plain,0,15.0
chi_square_spatial,15,ml_a,lsb,low,plain,1,0.460716092714417
chi_square_spatial,15,ml_a,lsb,low,plain,0,8.747986401365628e-28
sample_pairs,15,ml_a,lsb,low,plain,1,0.26533018460240637
sample_pairs,15,ml_a,lsb,low,plain,0,0.0
rs,15,ml_a,lsb,low,encrypted,1,6221.0
rs,15,ml_a,lsb,low,encrypted,0,15.0
chi_square_spatial,15,ml_a,lsb,low,encrypted,1,0.41072749117914253
chi_square_spatial,15,ml_a,lsb,low,encrypted,0,8.747986401365628e-28
sample_pairs,15,ml_a,lsb,low,encrypted,1,0.2644888443477598
sample_pairs,15,ml_a,lsb,low,encrypted,0,0.0
rs,15,ml_b,lsb,low,plain,1,10684.0
rs,15,ml_b,lsb,low,plain,0,109.0
chi_square_spatial,15,ml_b,lsb,low,plain,1,0.00011761692139103752
chi_square_spatial,15,ml_b,lsb,low,plain,0,3.1091834718107617e-205
sample_pairs,15,ml_b,lsb,low,plain,1,0.39522028546456717
sample_pairs,15,ml_b,lsb,low,plain,0,0.00037275663295399116
rs,15,ml_b,lsb,low,encrypted,1,11021.0
rs,15,ml_b,lsb,low,encrypted,0,109.0
chi_square_spatial,15,ml_b,lsb,low,encrypted,1,0.0006283083628819859
chi_square_spatial,15,ml_b,lsb,low,encrypted,0,3.1091834718107617e-205
sample_pairs,15,ml_b,lsb,low,encrypted,1,0.3987180638293907
sample_pairs,15,ml_b,lsb,low,encrypted,0,0.00037275663295399116
rs,16,real,lsb,low,plain,1,4877.0
rs,16,real,lsb,low,plain,0,1582.0
chi_square_spatial,16,real,lsb,low,plain,1,1.3281033324456931e-17
chi_square_spatial,16,real,lsb,low,plain,0,0.0
sample_pairs,16,real,lsb,low,plain,1,0.28666066773517485
sample_pairs,16,real,lsb,low,plain,0,0.06110613905149803
rs,16,real,lsb,low,encrypted,1,4699.0
rs,16,real,lsb,low,encrypted,0,1582.0
chi_square_spatial,16,real,lsb,low,encrypted,1,8.383880560542253e-18
chi_square_spatial,16,real,lsb,low,encrypted,0,0.0
sample_pairs,16,real,lsb,low,encrypted,1,0.2860456930473676
sample_pairs,16,real,lsb,low,encrypted,0,0.06110613905149803
rs,16,ml_a,lsb,low,plain,1,6649.0
rs,16,ml_a,lsb,low,plain,0,165.0
chi_square_spatial,16,ml_a,lsb,low,plain,1,2.88882826948179e-131
chi_square_spatial,16,ml_a,lsb,low,plain,0,1.4355440298041696e-146
sample_pairs,16,ml_a,lsb,low,plain,1,0.2156831449504008
sample_pairs,16,ml_a,lsb,low,plain,0,0.013433946948207267
rs,16,ml_a,lsb,low,encrypted,1,6671.0
rs,16,ml_a,lsb,low,encrypted,0,165.0
chi_square_spatial,16,ml_a,lsb,low,encrypted,1,1.6189243426942942e-131
chi_square_spatial,16,ml_a,lsb,low,encrypted,0,1.4355440298041696e-146
sample_pairs,16,ml_a,lsb,low,encrypted,1,0.21461004565529743
sample_pairs,16,ml_a,lsb,low,encrypted,0,0.013433946948207267
rs,16,ml_b,lsb,low,plain,1,10017.0
rs,16,ml_b,lsb,low,plain,0,139.0
chi_square_spatial,16,ml_b,lsb,low,plain,1,9.45056351234737e-63
chi_square_spatial,16,ml_b,lsb,low,plain,0,7.612700770117901e-95
sample_pairs,16,ml_b,lsb,low,plain,1,0.2559303110252843
sample_pairs,16,ml_b,lsb,low,plain,0,0.0
rs,16,ml_b,lsb,low,encrypted,1,10017.0
rs,16,ml_b,lsb,low,encrypted,0,139.0
chi_square_spatial,16,ml_b,lsb,low,encrypted,1,9.174214845248715e-62
chi_square_spatial,16,ml_b,lsb,low,encrypted,0,7.612700770117901e-95
sample_pairs,16,ml_b,lsb,low,encrypted,1,0.25678273827484105
sample_pairs,16,ml_b,lsb,low,encrypted,0,0.0
rs,17,real,lsb,low,plain,1,12447.0
rs,17,real,lsb,low,plain,0,94.0
chi_square_spatial,17,real,lsb,low,plain,1,1.4631226858746112e-91
chi_square_spatial,17,real,lsb,low,plain,0,1.870091235268324e-152
sample_pairs,17,real,lsb,low,plain,1,0.2071980511224382
sample_pairs,17,real,lsb,low,plain,0,0.0
rs,17,real,lsb,low,encrypted,1,12298.0
rs,17,real,lsb,low,encrypted,0,94.0
chi_square_spatial,17,real,lsb,low,encrypted,1,2.9017659140836215e-88
chi_square_spatial,17,real,lsb,low,encrypted,0,1.870091235268324e-152
sample_pairs,17,real,lsb,low,encrypted,1,0.20597209981969217
sample_pairs,17,real,lsb,low,encrypted,0,0.0
rs,17,ml_a,lsb,low,plain,1,11257.0
rs,17,ml_a,lsb,low,plain,0,121.0
chi_square_spatial,17,ml_a,lsb,low,plain,1,0.00023587536454035632
chi_square_spatial,17,ml_a,lsb,low,plain,0,2.4681141579269374e-50
sample_pairs,17,ml_a,lsb,low,plain,1,0.2420733779462016
sample_pairs,17,ml_a,lsb,low,plain,0,0.0012633876242138648
rs,17,ml_a,lsb,low,encrypted,1,11388.0
rs,17,ml_a,lsb,low,encrypted,0,121.0
chi_square_spatial,17,ml_a,lsb,low,encrypted,1,0.0015172634014135231
chi_square_spatial,17,ml_a,lsb,low,encrypted,0,2.4681141579269374e-50
sample_pairs,17,ml_a,lsb,low,encrypted,1,0.2423657958809773
sample_pairs,17,ml_a,lsb,low,encrypted,0,0.0012633876242138648
rs,17,ml_b,lsb,low,plain,1,11065.0
rs,17,ml_b,lsb,low,plain,0,148.0
chi_square_spatial,17,ml_b,lsb,low,plain,1,1.5812227499186891e-50
chi_square_spatial,17,ml_b,lsb,low,plain,0,3.5069528845259785e-78
sample_pairs,17,ml_b,lsb,low,plain,1,0.23430197610169032
sample_pairs,17,ml_b,lsb,low,plain,0,0.0006791405005400912
rs,17,ml_b,lsb,low,encrypted,1,11374.0
rs,17,ml_b,lsb,low,encrypted,0,148.0
chi_square_spatial,17,ml_b,lsb,low,encrypted,1,6.173038502713486e-50
chi_square_spatial,17,ml_b,lsb,low,encrypted,0,3.5069528845259785e-78
sample_pairs,17,ml_b,lsb,low,encrypted,1,0.23439544807198898
sample_pairs,17,ml_b,lsb,low,encrypted,0,0.0006791405005400912
rs,18,real,lsb,low,plain,1,13030.0
rs,18,real,lsb,low,plain,0,1231.0
chi_square_spatial,18,real,lsb,low,plain,1,2.7164260348894954e-76
chi_square_spatial,18,real,lsb,low,plain,0,1.1749376433859584e-234
sample_pairs,18,real,lsb,low,plain,1,0.4828343442859298
sample_pairs,18,real,lsb,low,plain,0,0.026613079786914618
rs,18,real,lsb,low,encrypted,1,12864.0
rs,18,real,lsb,low,encrypted,0,1231.0
chi_square_spatial,18,real,lsb,low,encrypted,1,1.80482082133426e-83
chi_square_spatial,18,real,lsb,low,encrypted,0,1.1749376433859584e-234
sample_pairs,18,real,lsb,low,encrypted,1,0.4821853014896281
sample_pairs,18,real,lsb,low,encrypted,0,0.026613079786914618
rs,18,ml_a,lsb,low,plain,1,11515.0
rs,18,ml_a,lsb,low,plain,0,491.0
chi_square_spatial,18,ml_a,lsb,low,plain,1,1.397270668083216e-36
chi_square_spatial,18,ml_a,lsb,low,plain,0,2.4352663370065955e-64
sample_pairs,18,ml_a,lsb,low,plain,1,0.3166735508085059
sample_pairs,18,ml_a,lsb,low,plain,0,0.0
rs,18,ml_a,lsb,low,encrypted,1,11551.0
rs,18,ml_a,lsb,low,encrypted,0,491.0
chi_square_spatial,18,ml_a,lsb,low,encrypted,1,5.288118445867668e-32
chi_square_spatial,18,ml_a,lsb,low,encrypted,0,2.4352663370065955e-64
sample_pairs,18,ml_a,lsb,low,encrypted,1,0.3163504892427448
sample_pairs,18,ml_a,lsb,low,encrypted,0,0.0
rs,18,ml_b,lsb,low,plain,1,13190.0
rs,18,ml_b,lsb,low,plain,0,210.0
chi_square_spatial,18,ml_b,lsb,low,plain,1,6.285021204307367e-15
chi_square_spatial,18,ml_b,lsb,low,plain,0,1.1548623138886413e-36
sample_pairs,18,ml_b,lsb,low,plain,1,0.2499234082808639
sample_pairs,18,ml_b,lsb,low,plain,0,0.0
rs,18,ml_b,lsb,low,encrypted,1,13284.0
rs,18,ml_b,lsb,low,encrypted,0,210.0
chi_square_spatial,18,ml_b,lsb,low,encrypted,1,5.497214061947724e-16
chi_square_spatial,18,ml_b,lsb,low,encrypted,0,1.1548623138886413e-36
sample_pairs,18,ml_b,lsb,low,encrypted,1,0.24862882322097793
sample_pairs,18,ml_b,lsb,low,encrypted,0,0.0
rs,19,real,lsb,low,plain,1,4775.0
rs,19,real,lsb,low,plain,0,953.0
chi_square_spatial,19,real,lsb,low,plain,1,1.4756546394541317e-70
chi_square_spatial,19,real,lsb,low,plain,0,1.449969889272459e-116
sample_pairs,19,real,lsb,low,plain,1,0.3542543738977607
sample_pairs,19,real,lsb,low,plain,0,0.05052042784386119
rs,19,real,lsb,low,encrypted,1,4782.0
rs,19,real,lsb,low,encrypted,0,953.0
chi_square_spatial,19,real,lsb,low,encrypted,1,2.2154147555078156e-65
chi_square_spatial,19,real,lsb,low,encrypted,0,1.449969889272459e-116
sample_pairs,19,real,lsb,low,encrypted,1,0.34682998003198207
sample_pairs,19,real,lsb,low,encrypted,0,0.05052042784386119
rs,19,ml_a,lsb,low,plain,1,10299.0
rs,19,ml_a,lsb,low,plain,0,84.0
chi_square_spatial,19,ml_a,lsb,low,plain,1,2.216408404601818e-15
chi_square_spatial,19,ml_a,lsb,low,plain,0,1.929776280487964e-32
sample_pairs,19,ml_a,lsb,low,plain,1,0.2842652068330903
sample_pairs,19,ml_a,lsb,low,plain,0,0.0017942805726768223
rs,19,ml_a,lsb,low,encrypted,1,10404.0
rs,19,ml_a,lsb,low,encrypted,0,84.0
chi_square_spatial,19,ml_a,lsb,low,encrypted,1,6.974618813750576e-13
chi_square_spatial,19,ml_a,lsb,low,encrypted,0,1.929776280487964e-32
sample_pairs,19,ml_a,lsb,low,encrypted,1,0.2870351302726682
sample_pairs,19,ml_a,lsb,low,encrypted,0,0.0017942805726768223
rs,19,ml_b,lsb,low,plain,1,9126.0
rs,19,ml_b,lsb,low,plain,0,574.0
chi_square_spatial,19,ml_b,lsb,low,plain,1,1.8158311476803236e-08
chi_square_spatial,19,ml_b,lsb,low,plain,0,5.0435482252039644e-17
sample_pairs,19,ml_b,lsb,low,plain,1,0.26839253055985535
sample_pairs,19,ml_b,lsb,low,plain,0,0.008467826708969735
rs,19,ml_b,lsb,low,encrypted,1,8942.0
rs,19,ml_b,lsb,low,encrypted,0,574.0
chi_square_spatial,19,ml_b,lsb,low,encrypted,1,1.8628494246318692e-07
chi_square_spatial,19,ml_b,lsb,low,encrypted,0,5.0435482252039644e-17
sample_pairs,19,ml_b,lsb,low,encrypted,1,0.26382244276294403
sample_pairs,19,ml_b,lsb,low,encrypted,0,0.008467826708969735
rs,20,real,lsb,low,plain,1,7213.0
rs,20,real,lsb,low,plain,0,463.0
chi_square_spatial,20,real,lsb,low,plain,1,0.19041648229238725
chi_square_spatial,20,real,lsb,low,plain,0,1.1575267192351842e-06
sample_pairs,20,real,lsb,low,plain,1,0.27967424170231153
sample_pairs,20,real,lsb,low,plain,0,0.00612679997995424
rs,20,real,lsb,low,encrypted,1,7304.0
rs,20,real,lsb,low,encrypted,0,463.0
chi_square_spatial,20,real,lsb,low,encrypted,1,0.1798562850224066
chi_square_spatial,20,real,lsb,low,encrypted,0,1.1575267192351842e-06
sample_pairs,20,real,lsb,low,encrypted,1,0.2811855681982369
sample_pairs,20,real,lsb,low,encrypted,0,0.00612679997995424
rs,20,ml_a,lsb,low,plain,1,8968.0
rs,20,ml_a,lsb,low,plain,0,416.0
chi_square_spatial,20,ml_a,lsb,low,plain,1,1.3094453459106017e-257
chi_square_spatial,20,ml_a,lsb,low,plain,0,0.0
sample_pairs,20,ml_a,lsb,low,plain,1,0.21733235517868937
sample_pairs,20,ml_a,lsb,low,plain,0,0.008935219304703453
rs,20,ml_a,lsb,low,encrypted,1,9102.0
rs,20,ml_a,lsb,low,encrypted,0,416.0
chi_square_spatial,20,ml_a,lsb,low,encrypted,1,5.954712558838576e-254
chi_square_spatial,20,ml_a,lsb,low,encrypted,0,0.0
sample_pairs,20,ml_a,lsb,low,encrypted,1,0.22099325830681027
sample_pairs,20,ml_a,lsb,low,encrypted,0,0.008935219304703453
rs,20,ml_b,lsb,low,plain,1,9310.0
rs,20,ml_b,lsb,low,plain,0,960.0
chi_square_spatial,20,ml_b,lsb,low,plain,1,2.9113819000165117e-22
chi_square_spatial,20,ml_b,lsb,low,plain,0,3.65646915672267e-43
sample_pairs,20,ml_b,lsb,low,plain,1,0.35087218866887776
sample_pairs,20,ml_b,lsb,low,plain,0,0.0015512842517699478
rs,20,ml_b,lsb,low,encrypted,1,9339.0
rs,20,ml_b,lsb,low,encrypted,0,960.0
chi_square_spatial,20,ml_b,lsb,low,encrypted,1,1.0501789044802517e-20
chi_square_spatial,20,ml_b,lsb,low,encrypted,0,3.65646915672267e-43
sample_pairs,20,ml_b,lsb,low,encrypted,1,0.34846578336273715
sample_pairs,20,ml_b,lsb,low,encrypted,0,0.0015512842517699478
